{
  "cookieHeader": "_ga_C30DD9CSF3=GS2.2.s1763191817$o1$g1$t1763191821$j56$l0$h0; _gat=1; _elocal_session=YmZ1NU45bW9SektWQ25kallQUmpDMG40ZEVEa2VYQ1dCR3BUWnMvR1B3NHZseGNNbTMyTlZzV25qYUlNNWd2dEFJWXhuanBGUUw1Sk1xc1ZXN2VGcUNsWWM2cWVRUm9tK1hwcHZBeDYzU3BwVmxpL2F3b29ZMkhjeUtEUzMvZHh2d0xKVWx2NnExR0ZlQkhPWnQyWTNrNjlKODdIVTdRMnZER0lFSEVvUXlSNmRkQXRwOWNNL2xmTnlVZUJHOVQ2dG03VERCNHo3SlZnK3REcGZ2SklNSWNaUzBEd3ZnZ2tYMWVFS1NJRnFhRDdsdzJPVmxoZjEvaVlvRHh1anJXNTdqZW5GOHRTSlFoQVpGLy9XSTFldWhlQVRnOGpOdFMrb2E1REhWWWVyMEhrYnpHMFpmR3I3TDhVK0EweUtDd2NCcEYwOWt4bXphb0N5d2NyZlhUa2RlMnIzdW9USEl4QkVqczQ4TXZOUE1WakE1YXVhWDBPVDk1a1VoQlpubmgrZGQxZ3c4Mk1oOHdpeEMyTm1uZDZwQT09LS1VSGJGMG1UVlR0TlR1cGIzKzJuQW1nPT0%3D--a9426ca5b663606dec5222616cee8399ad940ef2; _ga_2Q56BTS3QS=GS2.2.s1763191817$o1$g1$t1763191821$j56$l0$h0; _gat_AllSites=1; _ga_DXE1VKD2ZP=GS2.2.s1763191817$o1$g1$t1763191821$j56$l0$h0; _gid=GA1.2.102822133.1763191817; _ga=GA1.2.1072273047.1763191817",
  "createdAt": 1763191821941,
  "expiresAt": 1763451021941
}