{
  "cookieHeader": "_ga_C30DD9CSF3=GS2.2.s1762540056$o1$g1$t1762540058$j58$l0$h0; _gat=1; _elocal_session=N1FZQjM5dXhiS3JjQ21rWElsaFZ5cWhuYzhmZ2dRaDgxYmFtbnl4b1pPQ1QwTUY0VndKWU9kV1oyM2xMbHFhU0RHbnprK0ZaMTBEUy9HM2x0d2dGbjhKY3JRNC9md0RyUjMyWW4xeWNYQkdFSzF1eDlJYVIyQ0RHSllvdHdSNmdTdzZ0VGRjVEp1dXdBOVAzYXA2UTkrQXBOY3Qwa3Y0YmZmOHJaSnk1Yk9YL1JUUW1QbytONldISDZIb2RkV1pZQk95K0d3VWtTZ2dJeUtKWGNlSGVqa2UyaTZEYkRNTDlMYklMREo3eG9hQmlxL0hEZkRKckZsbHkxWWlsQzhtbjY2ZWE4UDdIWVhlNTYveWdTb2QzazJkSXNieGg1ckY2UkM1MVA5OFl6VVdvVEZIRmtqU1g0Wnp6eVNHM2FwWHV4elcvVmkyMlB5N3RlcFhYWnlOajk3VVNYelJVMlF2eit3bGgvcCtkNTMyL3I3T2hTYUhoZ1JKdysvN09kdm1zTWdKZ001bnFYcGx2bG5XQU5lMVRIdz09LS0xeWMyRmVURWV0MXlvQUhWN2R3c05nPT0%3D--018073354e03fbbc2d0397bf517853acf59cce1c; _ga_2Q56BTS3QS=GS2.2.s1762540056$o1$g1$t1762540058$j58$l0$h0; _gat_AllSites=1; _ga_DXE1VKD2ZP=GS2.2.s1762540056$o1$g1$t1762540058$j58$l0$h0; _gid=GA1.2.229994977.1762540053; _ga=GA1.2.210313666.1762540053",
  "createdAt": 1762540060222,
  "expiresAt": 1762799260222
}