{
  "cookieHeader": "_ga_C30DD9CSF3=GS2.2.s1763482058$o1$g1$t1763482062$j56$l0$h0; _gat=1; _elocal_session=c292MDU5ZS9zczFFM1lVSE5pMUhSL0hWRVZiYVgxMUxGVzdmOFpNa0R4SC9TUk1xS01MUGpySjViMW9uOW55QzBhYjZLTGc1N1N5cm03a2REMTVjNTR0MnJCMURUWWZPb1hlRzZTc1p3eE9GRzVhQjVFZHJYY3ZIVGtJNG5BbmtoT2RRL0lyL0hiTUZLbUhCV0xRK0U1NkY5UEJRUUg3SUtFdkE5c0tZOGt6TWlOb2ZsQm4vaytGTGhQcW8yajlrSmdaWmg4QUpheWFwVE1qWnNKQTBDL0xTenE3K0IrdFA4d2FxdTBYVDhBRFZBbk1wVzZGbkNIcVVIOGhadWxkMVNwU3VFZ2V6ZXIwRDJPNUZlbW5lNXVzTXl0RlNwdGUxcGdqWDFtRWVxN2htTzIvNGNGem9ZM3B5ZVZObUtVUWlXb2RqT0drZmpBY1pPR21iYjJBVGU2K09FRFhUcXl0Ymg2TlpVTEdWUkNUY0Q2VklXSjlMUXZqS25WVDZ6Vy93NnAyYS9WOEtzY3VxNnpZMEl1eFBEZz09LS1GL0J6d0p1Q1Z6UzM5SUtwbmJNYXJBPT0%3D--9fd798208c28e56d9706774da97325a81306a4ca; _ga_2Q56BTS3QS=GS2.2.s1763482058$o1$g1$t1763482062$j56$l0$h0; _gat_AllSites=1; _ga_DXE1VKD2ZP=GS2.2.s1763482058$o1$g1$t1763482062$j56$l0$h0; _gid=GA1.2.493889632.1763482058; _ga=GA1.2.1345455352.1763482058",
  "createdAt": 1763482063526,
  "expiresAt": 1763741263526
}