{
  "cookieHeader": "_ga_C30DD9CSF3=GS2.2.s1762924742$o1$g1$t1762924745$j57$l0$h0; _gat=1; _elocal_session=Z2NwU2xPUm5sSjdXWmRyb3FzcHpqQnJxUU5oUTF6dGNSalNndHZsVHFvT2VVdllPeEZ1S0w1dXhkTVZXc1A5RGxDZCtkZDNvSlZzSzE0aC9OdFhNc1FUNklvMGlCRlRSd2I4d1hTbW13anVoaHJwZVV5MHMwSTJYQUdrT0E5ZlJkaUpOR2hMMHk4OHptU3k0aldoeG5DMkhoUGYrM1NqWHNEYVU3OHAxWHpvV2FuSnp0S29RRkVjUnVTMm42Rng3bC8yTUpDUkJuQ3RGQ2VxWWpmZU83ZHZ3ME5FNGpFaHcwT2h5VnFkZUpHOXB6b1gybEsvVnk4a1ZFRnRwb0o1R2FGTGVBYzVDYU41QkpjREpjb0JoZW5IR0RtUHR4bHpWSHIvbENJOFpEVlFLeCsybGE4ZUU1d2hrcjdlYWNCNWpKL2RVeE9GdFpaM1ZwRVVXbHhpSTFaVWNGdEJQZm95c29Ha2VwQXFxSW9WU2V5ZXB6T1k2S29XN0RhVjFXckRJSUI1bGc0N3A0bEQ5SzhibjB5L2s3dz09LS1MNWlMRlBYZHN5SjRoU0x3aDFqVEVRPT0%3D--74b2336ca76fc3aadef2d466a26900e17ecc3a02; _ga_2Q56BTS3QS=GS2.2.s1762924742$o1$g1$t1762924745$j57$l0$h0; _gat_AllSites=1; _ga_DXE1VKD2ZP=GS2.2.s1762924742$o1$g1$t1762924745$j57$l0$h0; _gid=GA1.2.352367090.1762924742; _ga=GA1.2.1893931557.1762924742",
  "createdAt": 1762924746008,
  "expiresAt": 1763183946008
}